neighborhood,zipCode,bedRoomNumber,baths,Unnamed: 0_x,reviewScore,reviewCount,walkScore,transitScore,Unnamed: 0_y,rent,sqft,availability,deposit,leaseLength
Alki,98116,1,1.0,581.5,,,50.0,34.5,9886.5,1847.5,789.0,1.0,1700.0,12.0
Alki,98116,2,1.0,531.6666666666666,,,46.666666666666664,36.0,9688.666666666666,2731.6666666666665,1123.0,1.0,1125.0,12.0
Arbor Heights,98146,1,1.0,411.0,,,22.0,37.0,9192.0,1500.0,1000.0,1.0,1000.0,6.0
Arbor Heights,98146,2,2.0,677.0,,,10.0,37.0,10149.0,2554.0,1290.0,1.0,,
Arbor Heights,98146,3,1.0,630.0,,,40.0,45.0,9887.0,2295.0,1120.0,,2295.0,
Atlantic,98114,1,1.0,348.0,5.0,,92.0,89.0,8517.0,1695.0,500.0,,,
Atlantic,98144,1,1.0,332.85207100591714,,2.361111111111111,89.76767676767676,70.44444444444444,4701.35593220339,2188.79298245614,666.8148148148148,1.0,1428.0,12.0
Atlantic,98144,1,2.0,362.0,,,90.0,70.0,4370.333333333333,2754.3333333333335,987.3333333333334,1.0,,
Atlantic,98144,2,1.0,182.0,,2.0,91.0,72.0,6010.666666666667,2500.0,965.0,,,
Atlantic,98144,2,1.5,518.0,,,89.0,67.0,9618.0,3000.0,1180.0,1.0,3000.0,12.0
Atlantic,98144,2,2.0,291.89130434782606,,2.2777777777777777,90.37837837837837,70.89189189189189,4778.72972972973,3252.492307692308,1021.7567567567568,1.0,,
Atlantic,98144,2,2.5,362.0,,,90.0,70.0,4378.6,3614.0,1193.8,1.0,,
Atlantic,98144,3,2.0,362.0,,,90.0,70.0,4383.0,3525.0,1153.3333333333333,1.0,,
Atlantic,98144,3,2.5,553.3333333333334,,,87.0,78.66666666666667,9658.333333333334,3805.6666666666665,1590.3333333333333,1.0,2000.0,6.5
Atlantic,98144,3,3.0,425.0,,,84.0,75.0,9250.0,4500.0,1770.0,,2000.0,12.0
Atlantic,98144,3,3.5,614.0,,,76.0,63.0,9871.0,4572.0,1600.0,,1000.0,1.0
Ballard,98103,1,1.0,177.0,,23.0,93.0,54.0,5924.8,1767.0,543.8571428571429,1.0,,
Ballard,98103,2,1.0,177.0,,23.0,93.0,54.0,5935.0,,794.0,,,
Ballard,98103,2,2.0,177.0,,23.0,93.0,54.0,5931.25,2468.0,883.75,,,
Ballard,98107,1,1.0,179.07945205479453,4.73469387755102,3.2142857142857144,95.4986301369863,54.673972602739724,4794.005479452055,2018.6780303030303,642.4561643835616,1.0,1300.0,12.0
Ballard,98107,1,1.5,110.0,,4.5,94.66666666666667,56.5,3864.4166666666665,2585.0,864.9166666666666,,,
Ballard,98107,2,1.0,249.64285714285714,4.0,4.5,92.21428571428571,53.92857142857143,5668.785714285715,2885.0,853.25,1.0,2250.0,12.0
Ballard,98107,2,1.5,212.0,,4.0,85.0,46.0,6347.0,3234.0,972.75,,,
Ballard,98107,2,2.0,140.01492537313433,5.0,3.4,96.17910447761194,54.850746268656714,4265.805970149254,3119.657894736842,1043.2537313432836,1.0,,
Ballard,98107,2,2.5,88.0,,5.0,94.0,57.0,3339.0,,1111.0,,,
Ballard,98107,3,1.0,603.0,,,92.0,58.0,9860.0,2400.0,800.0,1.0,,
Ballard,98107,3,2.0,93.0,,10.0,98.0,55.0,3474.5,3070.0,1175.0,,,
Ballard,98107,3,3.0,480.0,,,94.0,53.0,9536.0,4200.0,1380.0,,4200.0,
Ballard,98107,3,3.5,612.0,,,89.0,53.0,9869.0,4122.0,1670.0,,1000.0,
Ballard,98117,1,1.0,498.0,,,91.0,47.0,9560.0,1535.0,700.0,1.0,1000.0,12.0
Beacon Hill,98108,1,1.0,451.0,5.0,,57.5,53.0,9102.5,1345.0,478.0,1.0,1195.0,12.0
Beacon Hill,98108,2,2.0,333.0,5.0,,73.0,54.0,8448.0,1950.0,989.0,1.0,,
Beacon Hill,98108,3,2.0,640.0,,,50.0,56.0,9917.0,3172.5,1800.0,1.0,1000.0,
Belltown,98121,1,1.0,189.72313527180785,4.805369127516778,6.800940438871473,97.96333754740834,99.3590391908976,5135.704171934261,2080.776595744681,624.6675191815857,1.0,1122.5,9.0
Belltown,98121,1,2.0,219.5,,3.0,99.0,100.0,6541.0,,927.0,,,
Belltown,98121,2,1.0,143.8148148148148,4.222222222222222,11.511111111111111,98.57407407407408,99.74074074074075,4687.944444444444,2864.114285714286,800.8148148148148,1.0,,
Belltown,98121,2,1.5,112.0,,150.0,96.0,93.0,3861.0,,875.0,,,
Belltown,98121,2,2.0,217.25806451612902,4.885714285714286,3.223529411764706,97.5241935483871,98.79032258064517,5564.548387096775,3914.753846153846,1103.3064516129032,1.0,2000.0,12.0
Belltown,98121,2,2.5,171.0,,2.0,99.0,100.0,5763.5,6360.0,2029.6666666666667,1.0,,
Belltown,98121,3,2.0,165.16666666666666,,5.444444444444445,96.66666666666667,97.08333333333333,3069.5833333333335,3200.0,1545.25,1.0,,
Belltown,98121,3,2.5,271.0,,1.0,99.0,100.0,7630.5,8487.5,1912.0,1.0,,
Belltown,98121,3,4.0,271.0,,1.0,99.0,100.0,7657.0,,1914.0,,,
Bitter Lake,98133,1,1.0,284.6734693877551,4.461538461538462,1.5454545454545454,73.81632653061224,52.183673469387756,7606.3877551020405,1345.2083333333333,617.2857142857143,1.0,850.0,
Bitter Lake,98133,1,1.5,546.0,,,73.0,53.0,9682.0,1800.0,1100.0,1.0,950.0,
Bitter Lake,98133,1,2.0,353.5,4.5,,66.5,51.5,8550.5,1750.0,796.5,,,
Bitter Lake,98133,2,1.0,408.0,4.142857142857143,1.0,75.66666666666667,52.733333333333334,8680.133333333333,1643.3076923076924,856.7,1.0,1190.0,
Bitter Lake,98133,2,1.5,233.0,,3.0,72.0,53.0,6747.0,1867.6666666666667,907.0,1.0,,
Bitter Lake,98133,2,2.0,266.5,4.75,1.0,73.7,51.8,7302.0,1932.375,999.15,1.0,,
Bitter Lake,98133,3,2.0,219.0,,1.0,79.0,52.0,6531.4,2267.8,1081.8,1.0,,
Briarcliff,98199,5,3.5,723.0,,,72.0,36.0,10503.0,5395.0,2950.0,1.0,,
Brighton,98118,1,1.0,246.5863309352518,5.0,24.0,84.5179856115108,65.96402877697842,5163.449640287769,1629.7876712328766,639.3021582733813,1.0,750.0,12.0
Brighton,98118,1,1.5,237.5,5.0,,84.0,66.0,5080.333333333333,2700.0,1256.0,,,
Brighton,98118,2,1.0,383.0,,24.0,83.5,64.83333333333333,6925.5,1722.5,933.3333333333334,1.0,750.0,12.0
Brighton,98118,2,2.0,239.66666666666666,5.0,24.0,84.2,66.0,5117.7,2954.3333333333335,1028.2666666666667,1.0,,
Broadview,98133,1,1.0,379.25,4.0,,63.75,50.0,8445.5,1595.0,653.25,1.0,1595.0,
Broadview,98133,2,2.0,308.9,4.0,3.0,62.2,50.0,8189.2,1968.111111111111,942.65,1.0,,
Bryant,98105,1,1.0,542.25,,,79.25,61.75,9659.5,1545.0,600.0,1.0,1695.0,12.0
Bryant,98115,4,2.0,533.0,,,77.0,56.0,9651.0,4100.0,2480.0,1.0,4100.0,
Bryn Mawr-Skyway,98178,1,1.0,269.8,5.0,5.0,30.8,,7238.6,1358.0,682.2,1.0,,
Bryn Mawr-Skyway,98178,2,1.0,269.8,5.0,5.0,30.8,,7241.2,1582.6,920.0,1.0,,
Bryn Mawr-Skyway,98178,2,1.5,390.0,5.0,,30.0,40.0,9118.0,2600.0,1330.0,1.0,,
Bryn Mawr-Skyway,98178,2,2.0,337.8,5.0,7.0,37.6,,8266.6,1718.8,998.2,1.0,,
Bryn Mawr-Skyway,98178,3,1.0,622.0,,,43.0,,9879.0,2700.0,1200.0,1.0,,
Bryn Mawr-Skyway,98178,3,2.0,425.6666666666667,5.0,7.0,19.666666666666668,41.0,8511.0,2333.3333333333335,1716.6666666666667,1.0,,
Capitol Hill,98102,1,1.0,315.1857142857143,4.859649122807017,1.4,97.91428571428571,84.48571428571428,7394.885714285714,1880.179487179487,577.65,1.0,1687.5,12.0
Capitol Hill,98102,2,1.0,451.25,4.333333333333333,,88.5,75.25,9203.75,2104.5,736.875,1.0,2200.0,
Capitol Hill,98102,2,2.0,312.6,5.0,2.0,97.6,84.0,7169.05,3061.8571428571427,936.3,1.0,3895.0,12.0
Capitol Hill,98112,1,1.0,510.0,,,97.0,80.0,9595.0,1450.0,600.0,1.0,500.0,12.0
Capitol Hill,98122,1,1.0,191.52062868369353,4.740932642487047,2.4235668789808917,99.48330058939096,94.68172888015717,5419.4970530451865,2004.6452702702702,601.0867346938776,1.0,800.0,12.0
Capitol Hill,98122,1,1.5,126.0,5.0,3.0,99.66666666666667,89.66666666666667,4032.3333333333335,2210.0,863.3333333333334,,,
Capitol Hill,98122,1,2.0,156.125,5.0,2.4,100.0,97.29166666666667,4648.708333333333,3585.2,1214.923076923077,1.0,,
Capitol Hill,98122,2,1.0,201.3846153846154,4.428571428571429,4.666666666666667,99.38461538461539,94.61538461538461,5249.153846153846,3553.285714285714,934.9230769230769,1.0,,
Capitol Hill,98122,2,1.5,51.0,5.0,,100.0,92.0,2209.0,,1213.0,,,
Capitol Hill,98122,2,2.0,128.8860759493671,5.0,3.641025641025641,99.56962025316456,94.84810126582279,4151.860759493671,3886.3513513513512,1124.7025316455697,1.0,2450.0,6.0
Capitol Hill,98122,2,2.5,51.0,5.0,,100.0,92.0,2210.0,,1299.0,,,
Capitol Hill,98122,2,3.0,29.0,,1.0,100.0,97.0,1176.0,,1136.0,,,
Capitol Hill,98122,3,2.0,85.0,,12.0,99.0,100.0,3242.5,4927.5,1474.0,,,
Capitol Hill,98122,3,2.5,162.0,5.0,,99.0,96.0,5466.0,5461.0,1402.0,,,
Capitol Hill,98122,3,3.0,162.0,5.0,,99.0,96.0,5451.0,7020.0,1966.8,1.0,,
Central Seattle,98144,1,1.0,237.0,5.0,,93.0,78.0,6831.428571428572,2126.4285714285716,653.1428571428571,,,
Central Seattle,98144,2,2.0,237.0,5.0,,93.0,78.0,6826.0,2960.0,1125.4,1.0,,
Chinatown,98104,1,1.0,225.1969696969697,4.0,3.870967741935484,98.03030303030303,100.0,6404.757575757576,1266.3469387755101,404.53076923076924,1.0,400.0,12.0
Chinatown,98104,2,1.0,172.6,4.0,1.6666666666666667,98.0,100.0,5452.2,,930.1,,,
Chinatown,98104,2,1.5,230.0,,4.0,98.0,100.0,6687.0,,1012.0,,,
Chinatown,98104,2,2.0,207.5,,3.25,98.0,100.0,6198.0,2355.0,956.125,,,
Chinatown,98104,2,2.5,230.0,,4.0,98.0,100.0,6689.0,,1380.0,,,
Columbia City,98108,1,1.0,207.5,4.75,,87.0,64.0,6417.25,1755.4285714285713,536.5625,1.0,,
Columbia City,98108,2,1.0,358.0,3.0,,87.0,64.0,8569.0,,976.0,,,
Columbia City,98108,2,1.5,358.0,3.0,,87.0,64.0,8570.0,,985.0,,,
Columbia City,98108,3,2.0,358.0,3.0,,87.0,64.0,8571.0,,1274.0,,,
Columbia City,98108,4,2.0,358.0,3.0,,87.0,64.0,8572.0,,1522.0,,,
Columbia City,98108,5,2.0,358.0,3.0,,87.0,64.0,8573.0,,1874.0,,,
Columbia City,98118,1,1.0,129.375,5.0,2.3333333333333335,92.984375,62.34375,4088.484375,1809.3023255813953,618.6349206349206,1.0,938.0,12.0
Columbia City,98118,2,1.0,159.0,,4.0,94.0,60.0,5350.0,,842.0,,,
Columbia City,98118,2,2.0,46.0,,1.0,92.0,64.0,1962.9375,2619.5,1025.3125,1.0,,
Columbia City,98118,2,2.5,145.66666666666666,,1.0,89.66666666666667,62.0,3296.6666666666665,2695.0,1545.4166666666667,1.0,,
Columbia City,98144,2,1.0,323.0,4.0,,89.0,71.0,8408.0,1464.0,756.5,1.0,,
Crown Hill,98117,1,1.0,318.125,4.428571428571429,,79.0,55.25,7647.0,1448.75,594.6428571428571,1.0,1700.0,
Crown Hill,98117,2,1.0,405.0,3.0,,68.0,53.0,9172.0,1495.0,1000.0,,,
Crown Hill,98117,2,2.0,253.33333333333334,4.666666666666667,,79.66666666666667,55.5,7023.333333333333,2570.0,1015.1666666666666,1.0,,
Crown Hill,98117,3,1.0,726.0,,,85.0,54.0,10506.0,3600.0,1550.0,1.0,,
Denny Triangle,98101,1,1.0,186.4829721362229,5.0,4.378277153558052,99.07120743034056,100.0,4462.321981424148,2789.9468599033817,797.0851393188855,1.0,2990.0,12.0
Denny Triangle,98101,1,1.5,235.8,,4.2,99.2,100.0,5206.8,2706.6,1060.8,1.0,,
Denny Triangle,98101,2,1.0,292.0,5.0,,99.0,100.0,8123.666666666667,2662.6666666666665,850.0,1.0,,
Denny Triangle,98101,2,2.0,203.37254901960785,5.0,3.9456521739130435,99.0343137254902,100.0,4664.382352941177,4226.525925925926,1313.6813725490197,1.0,3950.0,12.0
Denny Triangle,98101,2,2.5,159.33333333333334,5.0,4.0,99.33333333333333,100.0,5087.0,5587.5,1622.111111111111,1.0,,
Denny Triangle,98101,3,2.0,163.5,5.0,5.0,99.0,100.0,4174.125,5299.0,1345.5,1.0,,
Denny Triangle,98101,3,3.0,69.0,,5.0,99.0,100.0,3073.5,6065.0,1516.0,1.0,,
Denny Triangle,98121,1,1.0,255.6943396226415,,20.62878787878788,99.5433962264151,99.99245283018868,5745.588679245283,2907.374358974359,737.2603773584906,1.0,1500.0,
Denny Triangle,98121,1,1.5,363.0,,23.0,100.0,100.0,6245.0,3422.0,886.0,,,
Denny Triangle,98121,2,1.0,35.2,,48.7,98.9,99.9,1442.0,2942.2,847.7,1.0,,
Denny Triangle,98121,2,2.0,281.33684210526314,,22.670212765957448,99.70526315789473,99.98947368421052,5769.368421052632,5179.953488372093,1227.0631578947368,1.0,5000.0,12.0
Denny Triangle,98121,3,2.0,268.0,,1.0,99.0,100.0,7543.5,,1585.5,,,
Denny Triangle,98121,3,3.0,359.5238095238095,,21.952380952380953,100.0,100.0,6336.666666666667,12635.2,2209.714285714286,1.0,,
Downtown Seattle,98101,1,1.0,37.76190476190476,4.0,2.9423076923076925,98.43333333333334,100.0,1393.0857142857142,2372.0476190476193,732.2785714285715,1.0,,
Downtown Seattle,98101,2,1.0,60.0,,3.857142857142857,98.0,100.0,2016.4285714285713,3055.0,1106.857142857143,1.0,,
Downtown Seattle,98101,2,2.0,22.78787878787879,,4.090909090909091,98.16666666666667,100.0,880.1212121212121,3614.037037037037,1229.530303030303,1.0,,
Downtown Seattle,98104,1,1.0,92.0,,15.0,98.0,100.0,3451.75,1789.875,578.0,1.0,,
Downtown Seattle,98104,2,1.0,357.5,,15.0,96.0,100.0,6667.5,2552.5,744.5,1.0,,
Downtown Seattle,98104,2,2.0,92.0,,15.0,98.0,100.0,3456.0,3370.0,1276.0,1.0,,
Dunlap,98118,1,1.0,353.0,2.0,,77.0,48.0,8548.0,1127.2,750.0,,,
Dunlap,98118,2,1.0,353.0,2.0,,77.0,48.0,8553.0,1295.0,850.0,,,
Dunlap,98118,3,1.0,353.0,2.0,,77.0,48.0,8557.0,1599.0,1033.3333333333333,,,
Dunlap,98118,4,3.0,537.0,,,82.0,58.0,9655.0,3100.0,1800.0,1.0,3000.0,12.0
Eastlake,98102,1,1.0,180.7826086956522,5.0,5.155555555555556,78.43478260869566,62.76086956521739,5506.369565217391,1648.6222222222223,459.0777777777778,1.0,,
Eastlake,98102,2,1.0,208.5,5.0,6.0,81.5,57.5,5934.5,3087.0,929.75,,,
Eastlake,98102,2,2.0,234.28571428571428,5.0,6.0,80.28571428571429,60.285714285714285,5884.428571428572,2840.5714285714284,926.8571428571429,1.0,1500.0,12.0
Fairmount Park,98116,1,1.0,381.0,,1.0,92.0,54.0,9001.75,2252.7272727272725,750.5,1.0,,
Fairmount Park,98116,2,2.0,381.0,,1.0,92.0,54.0,9002.8,2758.3333333333335,988.6,,,
Fairmount Park,98126,1,1.0,143.65625,,7.645161290322581,85.03125,56.9375,4380.4375,1826.8709677419354,685.03125,1.0,,
Fairmount Park,98126,2,1.0,367.0,,2.0,88.2,54.6,8684.6,1989.0,869.4,1.0,,
Fairmount Park,98126,2,1.5,94.0,,9.0,85.0,57.0,3526.5,3227.0,1250.0,,,
Fairmount Park,98126,2,2.0,109.66666666666667,,8.222222222222221,85.0,57.0,3883.777777777778,2287.222222222222,1010.7777777777778,,,
Fauntleroy,98136,4,2.0,661.0,,,43.0,47.0,10012.0,3400.0,2290.0,,3400.0,
First Hill,98101,1,1.0,164.0253164556962,4.0,4.795918367346939,98.31645569620254,100.0,5010.835443037975,1937.1875,612.75,1.0,425.0,12.0
First Hill,98101,1,2.0,170.0,,3.0,99.0,100.0,5737.5,2570.0,838.0,,,
First Hill,98101,2,1.0,129.0,4.0,,98.0,100.0,4432.857142857143,3382.1428571428573,1110.4285714285713,1.0,,
First Hill,98101,2,2.0,172.88888888888889,4.166666666666667,5.769230769230769,98.11111111111111,100.0,5037.111111111111,3260.6666666666665,1094.8703703703704,1.0,3150.0,12.0
First Hill,98101,3,2.0,129.0,4.0,,98.0,100.0,4436.142857142857,5704.714285714285,1691.2857142857142,1.0,,
First Hill,98104,1,1.0,265.26623376623377,4.771428571428571,5.220883534136546,96.6948051948052,100.0,5639.470779220779,2099.6762295081967,639.1607142857143,1.0,,
First Hill,98104,2,1.0,267.4,5.0,8.9,97.17142857142858,100.0,5625.571428571428,2460.7272727272725,798.2857142857143,1.0,4700.0,12.0
First Hill,98104,2,2.0,287.33009708737865,5.0,2.0425531914893615,96.33009708737865,100.0,5670.281553398058,3055.4310344827586,1099.3446601941748,1.0,,
First Hill,98104,3,2.0,273.0,,4.0,96.0,100.0,7672.0,,1200.0,,,
First Hill,98122,1,1.0,369.015625,4.864583333333333,,92.27083333333333,100.0,6631.393229166667,2259.593023255814,668.9946808510638,1.0,,
First Hill,98122,2,2.0,374.6666666666667,4.888888888888889,,92.22222222222223,100.0,6673.316239316239,3184.1111111111113,1029.0309734513273,1.0,,
Fremont,98103,1,1.0,298.1860465116279,5.0,2.4166666666666665,90.84651162790698,63.437209302325584,6317.395348837209,1989.24,614.7395348837209,1.0,1000.0,12.0
Fremont,98103,1,1.5,291.8,5.0,,90.2,63.8,5405.4,,953.6,,,
Fremont,98103,2,1.0,256.75,5.0,4.5,93.25,63.75,5937.666666666667,2174.0,775.9166666666666,1.0,1750.0,12.0
Fremont,98103,2,1.5,59.0,5.0,,95.0,63.0,2608.3333333333335,2985.0,869.6666666666666,1.0,,
Fremont,98103,2,2.0,300.48333333333335,5.0,1.8,90.65,63.483333333333334,6126.016666666666,3242.8333333333335,1064.85,1.0,,
Fremont,98103,3,1.0,503.0,,,90.0,64.0,9588.0,2595.0,1100.0,,2595.0,12.0
Fremont,98103,3,2.0,389.0,,1.0,94.0,66.0,9115.0,2433.3333333333335,1101.1666666666667,,,
Fremont,98107,1,1.0,266.0,5.0,,89.0,66.0,7457.0,1621.6666666666667,661.3,1.0,,
Fremont,98107,2,2.0,266.0,5.0,,89.0,66.0,7461.0,,843.5,,,
Gatewood,98126,1,1.0,724.0,,,54.0,45.0,10504.0,1500.0,1000.0,1.0,,
Genesee,98116,1,1.0,284.7606837606838,5.0,4.546666666666667,95.73504273504274,54.0,5863.029914529914,1838.9096045197741,656.3333333333334,1.0,,
Genesee,98116,1,1.5,393.5,5.0,,97.0,54.0,6703.285714285715,2092.5,825.7142857142857,1.0,,
Genesee,98116,2,1.0,230.42857142857142,,5.0,95.0,54.0,5394.571428571428,2855.0,1064.25,1.0,,
Genesee,98116,2,2.0,289.0,5.0,5.76595744680851,95.57142857142857,54.0,5861.476190476191,2742.6530612244896,1035.1587301587301,1.0,,
Genesee,98116,3,2.5,417.0,,,96.0,54.0,9201.0,2850.0,1580.0,,2850.0,6.0
Georgetown,98108,1,1.0,544.0,,,64.0,48.0,9680.0,1550.0,505.0,1.0,1500.0,12.0
Georgetown,98108,2,1.0,700.0,,,71.0,50.0,10341.0,1595.0,1080.0,1.0,,
Green Lake,98103,3,2.0,631.0,,,82.0,57.0,9888.0,2495.0,1580.0,,,
Green Lake,98115,1,1.0,186.17910447761193,4.0,6.794117647058823,94.9950248756219,56.353233830845774,5051.28855721393,1941.861635220126,626.1019900497513,1.0,,
Green Lake,98115,2,1.0,232.76923076923077,,4.6923076923076925,93.92307692307692,56.69230769230769,6371.846153846154,2091.6666666666665,875.8461538461538,1.0,,
Green Lake,98115,2,2.0,196.6734693877551,,6.6938775510204085,95.0,56.3469387755102,5152.326530612245,3105.512195121951,1180.8265306122448,1.0,,
Greenwood,98103,1,1.0,377.85714285714283,5.0,1.0,93.47619047619048,55.142857142857146,8770.142857142857,1581.95,650.1904761904761,1.0,400.0,1.0
Greenwood,98103,2,2.0,305.0,,1.0,95.0,55.0,8313.5,2069.0,908.75,,,
Greenwood,98103,5,3.0,509.0,,,87.0,57.0,9594.0,750.0,1800.0,1.0,400.0,1.0
Greenwood,98117,1,1.0,330.6666666666667,5.0,,90.83333333333333,54.833333333333336,7772.666666666667,1599.6666666666667,626.0,1.0,,
Greenwood,98117,2,1.0,467.0,,,89.0,56.0,9472.0,2200.0,1200.0,,2200.0,12.0
Greenwood,98133,1,1.0,30.19148936170213,,5.0,84.02127659574468,57.0,861.2553191489362,1581.0526315789473,593.8404255319149,1.0,,
Greenwood,98133,2,1.0,15.0,,5.0,84.0,57.0,658.6666666666666,2122.0,858.3333333333334,1.0,,
Greenwood,98133,2,2.0,15.0,,5.0,84.0,57.0,660.5,2550.0,1054.0,1.0,,
Greenwood,98177,1,1.0,354.0,5.0,,81.0,56.0,8559.0,1650.0,650.0,,,
Haller Lake,98133,1,1.0,403.0,,2.0,86.0,60.0,9168.0,1150.0,650.0,,,
Haller Lake,98133,1,1.5,618.0,,,74.0,53.0,9875.0,2350.0,1196.0,1.0,2350.0,12.0
Haller Lake,98133,2,1.0,437.0,,,86.0,60.0,9329.0,1750.0,920.0,,500.0,12.0
Harrison/Denny Blaine,98112,3,2.0,593.0,,,88.0,55.0,9842.0,3400.0,1200.0,1.0,600.0,
High Point,98106,1,1.0,216.5,4.0,5.0,43.5,47.5,6547.875,1498.5,739.25,1.0,,
High Point,98106,2,1.0,275.5,4.0,5.0,44.875,47.625,7032.5,1775.75,886.75,1.0,1600.0,
High Point,98106,4,2.0,443.0,,,41.0,48.0,9358.0,2900.0,1980.0,1.0,2900.0,12.0
High Point,98126,1,1.0,172.0,,14.0,71.0,52.0,5791.227272727273,1823.076923076923,677.7272727272727,1.0,,
High Point,98126,2,1.0,172.0,,14.0,71.0,52.0,5798.0,2495.0,988.3333333333334,,,
High Point,98126,2,2.0,172.0,,14.0,71.0,52.0,5800.8,2695.0,980.0,,,
Highland Park,98106,1,1.0,397.0,,5.0,45.0,42.0,6723.0,1775.6666666666667,672.0,1.0,,
Highland Park,98106,2,1.0,449.0,,5.0,46.4,42.8,7377.8,1700.0,934.8,1.0,1700.0,
Highland Park,98106,2,2.0,397.0,,5.0,45.0,42.0,6724.833333333333,1912.3333333333333,966.0,1.0,,
Highland Park,98106,3,2.0,397.0,,5.0,45.0,42.0,6725.5,2451.0,1141.0,1.0,,
Highline,98146,1,1.0,412.64285714285717,,1.2307692307692308,46.214285714285715,43.0,7132.785714285715,1511.5384615384614,694.8571428571429,,500.0,
Highline,98146,2,1.0,383.625,,2.2857142857142856,43.75,,7475.375,1657.4285714285713,869.625,1.0,500.0,
Highline,98146,2,2.0,396.1764705882353,,1.1764705882352942,44.294117647058826,,6897.882352941177,1695.0,918.2352941176471,1.0,,
Highline,98146,5,3.5,642.0,,,62.0,,9919.0,5600.0,2400.0,1.0,,
Highline,98168,1,1.0,382.0,4.0,,45.0,,9019.666666666666,1286.2,647.9090909090909,1.0,,
Highline,98168,2,2.0,382.0,4.0,,45.0,,9027.0,,1012.0,,,
Highline,98168,3,2.0,382.0,4.0,,45.0,,9025.833333333334,1657.0,1315.5,1.0,,
Interbay,98119,1,1.0,205.11764705882354,5.0,2.0,73.94117647058823,53.529411764705884,6086.117647058823,1926.2272727272727,671.0666666666667,1.0,,
Interbay,98119,2,2.0,122.0,5.0,,75.0,53.0,4180.125,2941.875,1138.25,1.0,,
Interbay,98199,1,1.0,624.0,,,54.0,49.0,9881.0,1395.0,650.0,1.0,,
Interbay,98199,2,1.0,688.0,,,45.0,49.0,10225.0,1700.0,,1.0,,
Junction,98116,1,1.0,207.62222222222223,4.397260273972603,2.9339622641509435,97.86111111111111,53.861111111111114,5504.05,1703.8294573643411,644.1694444444445,1.0,,
Junction,98116,2,1.0,208.25,4.066666666666666,2.0,98.0,54.0,4966.4375,2227.0714285714284,978.21875,1.0,,
Junction,98116,2,2.0,185.53333333333333,4.0,2.9545454545454546,98.0,54.0,5399.2,2850.1111111111113,1014.7,1.0,,
Junction,98136,1,1.0,149.0,,5.0,92.0,53.0,5073.5,1893.3181818181818,651.5,1.0,,
Junction,98136,2,1.0,149.0,,5.0,92.0,53.0,5087.0,2665.0,887.0,,,
Junction,98136,2,2.0,149.0,,5.0,92.0,53.0,5077.666666666667,2455.6666666666665,1098.6666666666667,1.0,,
Lake City,98125,1,1.0,240.5702479338843,4.573770491803279,2.308988764044944,83.58677685950413,57.44214876033058,5977.371900826446,1548.9150943396226,639.4042553191489,1.0,650.0,12.0
Lake City,98125,2,1.0,251.44827586206895,4.176470588235294,4.0,79.17241379310344,57.0,6729.172413793103,1816.157894736842,876.5217391304348,1.0,2650.0,
Lake City,98125,2,1.5,377.0,,5.0,71.5,56.5,8499.0,1797.5,1100.0,1.0,1000.0,12.0
Lake City,98125,2,2.0,250.5625,5.0,2.3863636363636362,83.20833333333333,57.4375,6103.354166666667,2115.5652173913045,974.15625,1.0,,
Lake City,98125,3,1.0,355.0,4.0,,85.0,58.0,8562.0,1624.0,1100.0,,,
Lake City,98125,3,1.5,586.0,,,68.0,55.0,9835.0,2136.0,1400.0,1.0,1000.0,12.0
Lake City,98125,3,2.0,270.125,5.0,6.0,87.875,59.0,7655.125,2749.6666666666665,1163.625,1.0,,
Lake City,98125,3,2.25,283.0,5.0,,88.0,59.0,7912.0,,1849.0,,,
Lake City,98125,3,3.25,283.0,5.0,,88.0,59.0,7913.0,,2033.0,,,
Lake City,98125,3,3.5,645.0,,,53.0,53.0,9922.0,2899.0,,1.0,,
Lake City,98125,4,2.0,355.0,4.0,,85.0,58.0,8563.0,1813.0,1600.0,,,
Lake City,98125,4,3.0,703.0,,,19.0,41.0,10344.0,3850.0,3380.0,1.0,,
Lake City,98125,4,3.5,283.0,5.0,,88.0,59.0,7915.0,,2294.3333333333335,,,
Lake City,98125,5,5.0,667.0,,,21.0,39.0,10018.0,9800.0,4380.0,1.0,,
Lake City,98125,6,3.0,735.0,,,88.0,60.0,10632.0,3150.0,2400.0,1.0,,
Lake Union,98109,1,1.0,86.0,,11.0,77.0,77.0,3262.625,2295.625,700.296875,1.0,,
Lake Union,98109,2,2.0,86.0,,11.0,77.0,77.0,3273.1666666666665,3548.75,1049.875,1.0,,
Laurelhurst,98105,1,1.0,621.0,,,79.0,61.0,9878.0,1350.0,,1.0,,
Lawton Park,98199,1,1.0,156.2,,4.090909090909091,55.64,43.76,3302.12,1750.6190476190477,793.78,1.0,400.0,9.0
Lawton Park,98199,2,1.0,680.0,,,70.5,45.5,10177.0,2012.0,843.0,1.0,,
Lawton Park,98199,2,1.5,643.0,,,70.0,50.0,9920.0,2450.0,1100.0,1.0,,
Lawton Park,98199,2,2.0,181.45454545454547,,3.1818181818181817,55.63636363636363,43.09090909090909,4369.590909090909,2215.9411764705883,1124.7954545454545,1.0,,
Lawton Park,98199,3,3.0,11.0,,5.0,52.0,44.0,450.0,,1920.0,,,
Lawton Park,98199,4,3.0,11.0,,5.0,52.0,44.0,451.0,,2000.0,,,
Leschi,98144,1,1.0,636.0,,,69.0,47.0,9913.0,1395.0,,1.0,,
Leschi,98144,2,1.0,413.0,,,64.0,45.0,9194.0,3025.0,950.0,,2200.0,12.0
Leschi,98144,3,2.0,595.0,,,43.0,45.0,9844.0,6000.0,3000.0,1.0,,
Lower Queen Anne,98109,1,1.0,332.86313465783667,4.879518072289157,2.716417910447761,96.01545253863135,82.29359823399558,6608.3487858719645,2386.26525198939,644.60706401766,1.0,1097.5,9.0
Lower Queen Anne,98109,1,1.5,251.33333333333334,5.0,6.0,96.0,90.33333333333333,7224.833333333333,3595.0,967.6666666666666,1.0,,
Lower Queen Anne,98109,1,2.0,243.6,5.0,4.75,96.2,87.4,7070.0,,995.0,,,
Lower Queen Anne,98109,2,1.0,459.14285714285717,4.5,1.0,94.0,75.14285714285714,9137.42857142857,2245.8333333333335,854.0,1.0,1830.0,12.0
Lower Queen Anne,98109,2,2.0,349.2276422764228,5.0,3.380952380952381,96.07317073170732,82.4959349593496,6615.113821138211,4475.214953271028,1161.260162601626,1.0,,
Lower Queen Anne,98109,3,2.0,269.0,,6.0,96.0,91.0,7591.0,,1271.0,,,
Lower Queen Anne,98109,3,3.0,380.0,,,96.0,82.0,6530.0,,1692.0,,,
Lower Queen Anne,98119,1,1.0,188.5595238095238,5.0,13.712328767123287,91.21428571428571,72.13095238095238,5682.071428571428,1928.8082191780823,606.8172413793103,1.0,600.0,12.0
Lower Queen Anne,98119,1,1.5,245.14285714285714,5.0,24.0,85.71428571428571,67.14285714285714,7024.428571428572,,930.3,,,
Lower Queen Anne,98119,1,2.0,231.14285714285714,5.0,2.0,90.28571428571429,71.42857142857143,6698.214285714285,,1152.0,,,
Lower Queen Anne,98119,2,1.0,445.6666666666667,5.0,1.0,87.0,67.33333333333333,8718.0,2495.0,1015.6666666666666,1.0,,
Lower Queen Anne,98119,2,2.0,170.67441860465115,5.0,9.875,90.51162790697674,72.34883720930233,5280.2558139534885,3310.222222222222,1115.5232558139535,1.0,,
Loyal Heights,98117,1,1.0,244.0,,7.0,91.0,49.0,7009.5,1467.5,576.8333333333334,,,
Loyal Heights,98117,2,2.0,244.0,,7.0,91.0,49.0,7020.5,,910.75,,,
Madison Park,98112,1,1.0,477.5,,,80.5,33.0,9508.0,1922.5,475.5,,1375.0,12.0
Madison Park,98112,2,2.0,666.0,,,57.0,33.0,10017.0,2995.0,1006.0,1.0,,
Madison Park,98112,3,2.0,628.0,,,81.0,33.0,9885.0,6700.0,2560.0,1.0,6700.0,
Magnolia,98199,1,1.0,503.5,,,65.5,49.0,9540.5,1795.0,914.0,1.0,1272.5,12.0
Magnolia,98199,3,3.5,440.0,,,67.0,39.0,9332.0,4400.0,1980.0,,4400.0,12.0
Mann,98112,3,2.0,579.0,,,90.0,57.0,9766.0,3250.0,1200.0,1.0,1500.0,12.0
Mann,98122,1,1.0,412.5,5.0,,89.0,66.0,6944.0,1081.1666666666667,191.58333333333334,1.0,,
Maple Leaf,98115,1,1.0,202.0,,2.0,61.0,52.0,6209.0,1395.0,708.0,1.0,,
Maple Leaf,98115,2,1.0,582.0,,,57.0,59.0,9831.0,3000.0,1000.0,,3500.0,
Maple Leaf,98115,3,2.0,704.0,,,67.0,51.0,10345.0,2995.0,,1.0,,
Maple Leaf,98115,3,3.0,672.0,,,56.0,52.0,10066.0,2895.0,1620.0,1.0,,
Maple Leaf,98125,1,1.0,189.7363184079602,,3.945273631840796,91.60199004975124,62.223880597014926,4801.73631840796,1633.4766355140187,603.7537313432836,1.0,,
Maple Leaf,98125,1,1.5,160.0,,12.0,92.0,63.0,5365.0,,1066.0,,,
Maple Leaf,98125,2,1.0,258.57142857142856,4.0,12.0,92.0,63.0,7358.285714285715,1827.0,979.0,1.0,,
Maple Leaf,98125,2,2.0,204.78571428571428,,2.357142857142857,91.21428571428571,62.785714285714285,4839.642857142857,2792.5,990.1666666666666,,,
Minor,98122,1,1.0,167.9047619047619,4.985074626865671,3.474747474747475,94.83333333333333,81.18452380952381,4860.910714285715,1749.4204545454545,576.2680722891566,1.0,1200.0,12.0
Minor,98122,1,1.5,173.0,5.0,,93.0,65.0,5829.0,,840.0,,,
Minor,98122,1,2.5,576.0,,,94.0,100.0,9763.0,625.0,200.0,1.0,350.0,
Minor,98122,2,1.0,186.125,5.0,2.25,93.8125,82.4375,5362.0625,2348.625,832.5625,,,
Minor,98122,2,2.0,156.70454545454547,5.0,4.28125,94.1590909090909,88.4090909090909,4592.909090909091,2687.896551724138,932.7386363636364,1.0,2350.0,12.0
Minor,98122,3,2.0,259.14285714285717,,5.333333333333333,92.71428571428571,84.28571428571429,6291.714285714285,3492.0,1216.357142857143,1.0,,
Minor,98122,4,2.5,710.0,,,91.0,65.0,10386.0,4350.0,2000.0,1.0,,
Mt Baker,98144,1,1.0,496.5,,,90.0,70.0,9574.5,1253.5,571.0,1.0,1062.5,12.0
Mt Baker,98144,2,1.0,428.0,,,90.0,70.0,9253.0,1995.0,1130.0,1.0,1995.0,12.0
Mt Baker,98144,4,3.0,685.0,,,41.0,45.0,10222.0,6000.0,2610.0,1.0,,
North Admiral,98116,1,1.0,181.52272727272728,5.0,8.0,90.18181818181819,42.01136363636363,4604.795454545455,2006.025641025641,634.0056818181819,1.0,,
North Admiral,98116,2,1.0,137.0,5.0,,89.0,45.0,4646.666666666667,2000.0,766.0833333333334,1.0,,
North Admiral,98116,2,2.0,137.0,5.0,,89.0,45.0,4642.666666666667,2387.5,956.6666666666666,1.0,,
North Admiral,98116,4,3.0,570.0,,,91.0,43.0,9757.0,3795.0,1850.0,1.0,3795.0,12.0
North Beach/ Blue Ridge,98117,2,1.0,646.0,,,51.0,45.0,9923.0,1695.0,1000.0,1.0,,
North Beacon Hill,98144,1,1.0,362.67724867724866,5.0,2.0,79.55026455026454,73.70370370370371,6419.6349206349205,2021.529761904762,660.5873015873016,1.0,500.0,12.0
North Beacon Hill,98144,2,1.0,329.0,,2.0,75.25,77.25,7969.0,1979.5,885.5,1.0,1600.0,12.0
North Beacon Hill,98144,2,2.0,371.72222222222223,4.98876404494382,,79.84444444444445,73.27777777777777,6434.333333333333,3150.9146341463415,1033.6222222222223,1.0,,
North College Park,98103,1,1.0,605.0,,,86.0,61.0,9932.5,1445.0,625.0,1.0,750.0,12.0
North College Park,98103,2,1.0,503.5,,,84.5,62.0,9590.5,1797.5,825.0,1.0,1275.0,12.0
North College Park,98133,1,1.0,290.85714285714283,4.0,3.7777777777777777,71.0952380952381,63.23809523809524,7593.380952380952,1404.3157894736842,635.452380952381,1.0,,
North College Park,98133,1,1.5,337.0,4.0,,70.0,63.0,8467.0,1399.0,689.5,,,
North College Park,98133,2,1.0,302.0,,2.0,68.0,62.0,8291.0,1695.0,997.5,1.0,,
North College Park,98133,2,1.5,231.0,,4.0,73.0,64.0,6698.142857142857,1755.5714285714287,1000.0,1.0,,
North College Park,98133,2,2.0,307.0,4.0,,69.0,63.0,8092.375,1989.4285714285713,1056.75,,,
North College Park,98133,3,2.0,231.0,,4.0,73.0,64.0,6705.0,,1600.0,,,
North Delridge,98106,1,1.0,128.0,,3.0,73.0,57.0,4388.846153846154,1724.3846153846155,673.4,1.0,,
North Delridge,98106,1,1.5,128.0,,3.0,73.0,57.0,4408.714285714285,2197.4285714285716,821.0,,,
North Delridge,98106,2,2.0,128.0,,3.0,73.0,57.0,4392.818181818182,2358.7272727272725,1086.090909090909,1.0,,
North Delridge,98106,3,2.5,637.0,,,53.0,52.0,9914.0,2895.0,1540.0,1.0,,
North Delridge,98126,1,1.0,143.0,,16.0,81.0,58.0,4783.076923076923,1668.75,601.0769230769231,1.0,,
North Delridge,98126,1,1.5,143.0,,16.0,81.0,58.0,4787.4,1900.0,814.2,1.0,,
North Delridge,98126,2,2.0,143.0,,16.0,81.0,58.0,4792.2,2528.2,1009.8,1.0,,
Phinney Ridge,98103,2,1.0,725.0,,,81.0,52.0,10505.0,2995.0,1340.0,1.0,,
Phinney Ridge,98117,3,2.5,679.0,,,87.0,52.0,10151.0,4495.0,2263.0,1.0,,
Pike Place Market,98101,1,1.0,236.59574468085106,,10.955555555555556,98.70212765957447,100.0,6760.872340425532,2166.25,620.7234042553191,1.0,1162.5,12.0
Pike Place Market,98101,2,1.0,267.0,,1.0,98.0,100.0,7470.5,2890.0,924.0,1.0,,
Pike Place Market,98101,2,2.0,256.5,,15.0,98.625,100.0,6743.875,3629.0,1171.75,1.0,2000.0,12.0
Pike Place Market,98121,1,1.0,4.0,,4.0,98.0,100.0,179.39473684210526,3060.2758620689656,757.3684210526316,1.0,,
Pike Place Market,98121,1,1.5,4.0,,4.0,98.0,100.0,204.5,,932.0,,,
Pike Place Market,98121,2,2.0,4.0,,4.0,98.0,100.0,184.3,6033.875,1304.75,1.0,,
Pike Place Market,98121,2,2.5,4.0,,4.0,98.0,100.0,196.5,9610.0,1771.75,,,
Pinehurst,98125,1,1.0,342.72727272727275,,2.0,76.0,56.81818181818182,8028.272727272727,1330.111111111111,568.1818181818181,1.0,1400.0,12.0
Pinehurst,98125,2,1.0,395.0,,2.0,76.0,55.333333333333336,8594.0,1695.0,830.0,1.0,1600.0,12.0
Pinehurst,98125,2,2.0,506.0,,,76.5,56.0,9285.0,1800.0,932.0,1.0,1500.0,12.0
Pioneer Square,98104,1,1.0,312.3980582524272,4.0,8.529411764705882,97.94174757281553,100.0,6113.9514563106795,1459.3103448275863,521.8817204301075,1.0,2900.0,12.0
Pioneer Square,98104,2,1.0,131.0,4.0,,98.0,100.0,4486.117647058823,1562.0,704.6428571428571,1.0,,
Pioneer Square,98104,2,2.0,405.5,,11.0,98.0,100.0,6888.666666666667,1936.0,884.6666666666666,1.0,,
Portage Bay,98102,1,1.0,319.42857142857144,5.0,,78.28571428571429,78.28571428571429,8393.0,1666.0,427.57142857142856,1.0,,
Portage Bay,98102,2,1.0,626.0,,,68.0,79.0,9883.0,2000.0,700.0,1.0,500.0,
Queen Anne,98109,1,1.0,298.52941176470586,4.4,2.0,74.17647058823529,67.88235294117646,7135.941176470588,1860.4545454545455,674.7058823529412,1.0,975.0,12.0
Queen Anne,98109,2,1.0,134.0,4.0,,53.0,71.0,4573.5,2667.0,867.5,1.0,,
Queen Anne,98109,2,1.5,229.0,4.0,2.0,74.0,66.0,6730.5,3795.0,1075.5,1.0,,
Queen Anne,98109,2,2.0,253.2,4.166666666666667,2.0,67.5,70.3,6282.3,2942.5,1036.25,1.0,2000.0,12.0
Queen Anne,98109,2,2.5,243.0,,2.0,73.0,66.0,6997.5,,1105.0,,,
Queen Anne,98119,1,1.0,351.14285714285717,,2.0,71.42857142857143,57.57142857142857,7968.928571428572,1683.25,659.2307692307693,1.0,1032.5,12.0
Queen Anne,98119,2,1.0,461.0,,2.0,69.75,58.5,8690.5,2175.5,866.0,1.0,,
Queen Anne,98119,2,2.0,254.0,,2.0,69.0,57.0,7199.0,,943.0,,,
Queen Anne,98119,3,1.0,521.0,,,74.0,57.0,9639.0,2350.0,1050.0,,2350.0,12.0
Queen Anne,98119,3,2.0,254.0,,2.0,69.0,57.0,7200.0,,1292.0,,,
Queen Anne,98119,3,2.5,619.0,,,85.0,61.0,9876.0,4695.0,1300.0,1.0,,
Queen Anne,98119,4,2.5,616.0,,,86.0,60.0,9873.0,5433.0,2348.0,,1000.0,1.0
Rainier Beach,98178,1,1.0,548.0,,,22.5,47.0,9657.5,1545.0,475.0,1.0,775.0,6.0
Ravenna,98105,1,1.0,656.0,,,92.5,69.0,10105.0,1322.5,575.0,1.0,1200.0,12.0
Ravenna,98115,1,1.0,189.0,5.0,,78.0,51.0,6143.5,1573.75,497.0,1.0,,
Renton,98178,1,1.0,395.0,4.0,,37.0,,9141.5,1165.5,523.75,1.0,,
Renton,98178,2,1.0,395.0,4.0,,37.0,,9143.0,1361.0,974.0,1.0,,
Riverview,98106,3,2.0,447.0,,,49.0,46.0,9395.5,2775.0,1550.0,1.0,2400.0,12.0
Riverview,98106,3,2.5,482.0,,,42.0,46.0,9487.0,2725.0,1515.0,1.0,2500.0,12.0
Roosevelt,98115,1,1.0,370.3151125401929,5.0,1.5714285714285714,96.21543408360128,60.739549839228296,6676.221864951768,1474.8861788617887,399.8151125401929,1.0,,
Roosevelt,98115,1,2.0,188.0,5.0,,95.0,59.0,6137.0,2915.6666666666665,966.6666666666666,1.0,,
Roosevelt,98115,2,1.0,333.625,5.0,,93.5,61.25,6714.875,2172.4285714285716,802.125,1.0,1500.0,12.0
Roosevelt,98115,2,2.0,365.42857142857144,5.0,1.0,96.78571428571429,59.0,6620.321428571428,2936.4166666666665,869.6964285714286,1.0,2000.0,12.0
Roxhill,98126,1,1.0,427.1,,5.0,58.2,46.4,9246.7,1624.75,554.0,1.0,1200.0,3.0
Roxhill,98126,2,1.0,385.0,,5.0,56.0,45.0,9070.142857142857,1732.3333333333333,752.8571428571429,1.0,,
Seatac,98198,1,1.0,181.0,,4.0,41.0,55.0,5985.5,1399.0,725.0,1.0,,
Seatac,98198,2,1.0,181.0,,4.0,41.0,55.0,5990.571428571428,1610.0,900.0,1.0,,
Seatac,98198,3,2.0,181.0,,4.0,41.0,55.0,5992.5,2035.0,1105.0,1.0,,
Seattle,98102,2,1.0,571.0,,,75.0,55.0,9758.0,2350.0,1500.0,,2350.0,12.0
Seattle,98103,1,1.0,319.0,,1.0,87.0,58.0,5807.0,1796.25,790.75,,,
Seattle,98103,2,1.0,319.0,,1.0,87.0,58.0,5804.0,2550.0,864.0,1.0,,
Seattle,98103,2,2.0,319.0,,1.0,87.0,58.0,5804.5,2470.0,977.6666666666666,1.0,,
Seattle,98104,1,1.0,282.0,5.0,,98.0,100.0,7852.166666666667,1813.1176470588234,544.5,1.0,,
Seattle,98104,2,1.0,282.0,5.0,,98.0,100.0,7858.0,2349.0,732.0,1.0,,
Seattle,98105,1,1.0,471.0,,,83.0,79.0,9493.0,1375.0,550.0,,1275.0,12.0
Seattle,98107,1,1.0,335.3333333333333,5.0,1.0,97.73333333333333,56.0,8256.866666666667,1277.0,293.8333333333333,1.0,,
Seattle,98107,2,2.0,174.0,5.0,,97.0,56.0,5843.5,2840.0,933.0,,,
Seattle,98115,1,1.0,259.0,5.0,,97.0,59.0,7297.48,1934.076923076923,645.92,1.0,,
Seattle,98115,2,1.0,259.0,5.0,,97.0,59.0,7315.0,,999.6666666666666,,,
Seattle,98115,2,2.0,259.0,5.0,,97.0,59.0,7297.333333333333,3280.0,1014.3333333333334,1.0,,
Seattle,98115,6,4.0,539.0,,,81.0,59.0,9657.0,4000.0,3000.0,1.0,4000.0,
Seattle,98119,1,1.0,181.5,,4.0,72.5,55.75,5487.75,1466.75,615.625,1.0,,
Seattle,98119,1,1.5,132.0,,5.0,73.0,54.0,4509.0,2062.0,884.0,,,
Seattle,98119,2,1.0,264.0,,2.3333333333333335,71.66666666666667,58.666666666666664,7125.666666666667,2168.6666666666665,886.6666666666666,1.0,,
Seattle,98119,2,2.0,132.0,,5.0,73.0,54.0,4511.0,2575.6666666666665,1024.0,,,
Seattle,98121,1,1.0,108.0,5.0,,99.0,100.0,3771.294117647059,1926.1764705882354,630.0588235294117,1.0,,
Seattle,98121,2,2.0,108.0,5.0,,99.0,100.0,3768.5,2793.5,901.5,1.0,,
Seattle,98122,1,1.0,373.0,,1.0,92.0,70.0,8798.166666666666,2153.6666666666665,626.3333333333334,1.0,,
Seattle,98122,2,1.0,373.0,,1.0,92.0,70.0,8805.0,3000.0,856.0,,,
Seattle,98122,2,2.0,373.0,,1.0,92.0,70.0,8804.25,3260.0,1042.625,1.0,,
Seattle,98125,1,1.0,416.5,,1.0,79.0,64.0,6965.5,1783.3,680.9,,,
Seattle,98125,1,1.5,416.5,,1.0,79.0,64.0,6971.0,2210.0,769.0,,,
Seattle,98125,2,1.0,416.5,,1.0,79.0,64.0,6977.142857142857,2586.1428571428573,955.0,,,
Seattle,98125,2,1.5,416.5,,1.0,79.0,64.0,6981.0,2730.0,1074.0,,,
Seattle,98125,2,2.0,416.5,,1.0,79.0,64.0,6977.25,2680.0,990.5,,,
Seattle,98125,2,2.5,416.5,,1.0,79.0,64.0,6984.0,2975.0,1266.0,,,
Seattle,98133,1,1.0,224.5,,2.5,57.5,54.5,6479.0,1502.5,600.75,,,
Seattle,98133,2,1.0,359.2,4.0,1.0,66.0,53.6,8635.8,1564.4,756.4,1.0,1650.0,12.0
Seattle,98133,2,1.5,135.0,,4.0,52.0,54.0,4583.0,2015.0,955.0,1.0,,
Seattle,98133,2,2.0,135.0,,4.0,52.0,54.0,4587.0,2179.0,1005.0,,,
Seattle,98133,3,2.0,479.0,,,69.0,52.0,9535.0,2695.0,1070.0,1.0,2695.0,12.0
Seattle,98144,2,1.0,727.0,,,74.0,89.0,10507.0,1695.0,750.0,1.0,,
Seattle,98148,1,1.0,297.0,,1.0,48.0,,8206.833333333334,1228.0,404.1666666666667,1.0,,
Seattle,98148,2,1.0,297.0,,1.0,48.0,,8212.111111111111,,705.5555555555555,,,
Seattle,98155,2,1.0,675.0,,,44.0,48.0,10069.0,1785.0,1090.0,1.0,,
Seattle,98188,2,1.0,663.0,,,47.0,56.0,10014.0,1460.0,976.0,1.0,400.0,
Seattle,98198,1,1.0,343.0,,3.0,31.0,55.0,8496.0,1395.0,652.0,,,
Seattle,98198,2,1.0,343.0,,3.0,31.0,55.0,8495.0,1595.0,862.0,1.0,,
Seattle,98198,2,2.0,343.0,,3.0,31.0,55.0,8497.0,1695.0,970.0,,,
Seattle,98198,3,2.0,343.0,,3.0,31.0,55.0,8498.0,1895.0,1221.0,,,
Seaview Seattle,98136,2,2.0,689.0,,,80.0,50.0,10226.0,2103.0,1012.0,1.0,,
Seward Park,98118,1,1.0,555.5,,,74.0,43.0,9730.0,1450.0,625.0,1.0,1000.0,12.0
Sheridan Beach,98155,1,1.0,275.54545454545456,4.0,1.0,42.72727272727273,,7295.545454545455,1496.1,688.5454545454545,1.0,,
Sheridan Beach,98155,2,1.0,206.0,4.0,,35.0,,6228.5,1799.0,872.5,,,
Sheridan Beach,98155,2,2.0,345.09090909090907,4.0,1.0,50.45454545454545,,8369.0,1986.0,1056.8181818181818,1.0,,
Sheridan Beach,98155,3,2.0,282.5,4.0,1.0,43.5,,7411.0,2400.0,1359.5,,,
Shoreline,98133,1,1.0,205.0,,6.0,77.0,52.0,6222.5,1395.0,683.0,,,
Shoreline,98133,2,1.0,205.0,,6.0,77.0,52.0,6220.5,1835.0,831.75,1.0,,
South Delridge,98106,1,1.0,134.05263157894737,,13.777777777777779,50.89473684210526,50.21052631578947,4103.1578947368425,1540.6842105263158,697.5555555555555,1.0,,
South Delridge,98106,2,1.0,109.21052631578948,,11.157894736842104,47.8421052631579,50.526315789473685,3830.684210526316,2004.3684210526317,993.6315789473684,1.0,,
South Delridge,98106,2,1.5,114.0,,6.0,46.0,52.0,3926.8,2006.0,1052.0,1.0,,
South Delridge,98106,2,2.0,107.5,,13.0,48.5,50.0,3806.5,2125.0,1001.0,,,
South Delridge,98106,3,2.0,101.0,,20.0,51.0,48.0,3670.0,,1100.0,,,
South Lake Union,98102,2,1.0,303.0,,3.0,79.0,63.0,8292.0,2472.0,841.0,1.0,,
South Lake Union,98109,1,1.0,208.3220494053065,4.72,5.965317919075145,95.98353156450138,88.86459286367796,4694.31473010064,2355.179268292683,652.8270295202952,1.0,,
South Lake Union,98109,1,1.5,286.0,5.0,4.166666666666667,97.07894736842105,87.60526315789474,5929.0,3242.1666666666665,927.4736842105264,1.0,,
South Lake Union,98109,1,2.0,104.0,5.0,13.0,97.0,90.0,3804.6666666666665,3334.0,1012.6666666666666,,,
South Lake Union,98109,2,1.0,209.0,5.0,3.5833333333333335,96.23809523809524,87.61904761904762,5180.714285714285,3414.2727272727275,878.4285714285714,1.0,,
South Lake Union,98109,2,1.5,191.0,5.0,10.0,96.33333333333333,88.33333333333333,5780.166666666667,4049.0,1065.1666666666667,1.0,,
South Lake Union,98109,2,2.0,229.90304709141273,4.849462365591398,6.832089552238806,96.05817174515235,88.6371191135734,4826.191135734072,4205.383275261324,1094.637640449438,1.0,,
South Lake Union,98109,2,2.5,126.1,5.0,10.0,97.4,92.6,4295.2,4920.5,1442.8,1.0,,
South Lake Union,98109,3,2.0,202.0,,6.545454545454546,95.54545454545455,86.9090909090909,4599.590909090909,7292.954545454545,1619.590909090909,1.0,,
South Lake Union,98109,3,2.5,95.0,,10.0,96.0,86.0,3557.0,,1792.0,,,
South Lake Union,98109,3,3.0,64.0,5.0,,99.0,100.0,2876.8333333333335,10201.0,2211.6666666666665,1.0,,
South Park,98108,1,1.0,504.0,,,74.0,41.0,9589.0,1395.0,525.0,,1000.0,12.0
Southern Heights-Boulevard Park,98168,1,1.0,291.4,,11.533333333333333,34.93333333333333,,5733.766666666666,1503.9666666666667,704.8,1.0,,
Southern Heights-Boulevard Park,98168,2,1.0,290.17241379310343,,11.724137931034482,34.793103448275865,35.0,5655.379310344828,1703.103448275862,899.6551724137931,1.0,,
Southern Heights-Boulevard Park,98168,2,1.5,286.5,,12.0,35.0,,5527.666666666667,1719.0,960.0,1.0,,
Southern Heights-Boulevard Park,98168,2,2.0,331.2352941176471,,8.117647058823529,33.588235294117645,35.0,7246.588235294118,1819.8235294117646,986.6764705882352,1.0,,
Southern Heights-Boulevard Park,98168,3,2.0,360.0,,5.0,34.0,,8597.333333333334,2100.0,1146.0,1.0,,
Stevens,98112,1,1.0,205.3695652173913,5.0,2.0,90.56521739130434,69.56521739130434,5445.717391304348,1365.5555555555557,376.5869565217391,1.0,,
Stevens,98112,2,2.0,382.6,4.8,,88.6,70.0,9021.8,2799.0,899.4,,,
Stevens,98112,2,2.5,496.0,,,90.0,61.0,9558.0,3300.0,1267.0,1.0,3300.0,12.0
Stevens,98122,1,1.0,276.775,5.0,1.2777777777777777,97.2,76.725,7181.425,1436.6,457.1666666666667,1.0,,
Stevens,98122,2,2.0,301.0,5.0,,93.0,72.0,8288.5,2847.5,968.75,,,
Tukwila Urban Center,98188,1,1.0,238.4,5.0,1.0,58.6,47.92,5168.54,1966.96,637.3846153846154,1.0,,
Tukwila Urban Center,98188,2,1.0,344.0,,1.0,25.0,46.0,8499.0,1400.0,950.0,1.0,,
Tukwila Urban Center,98188,2,1.5,344.0,,1.0,25.0,46.0,8500.0,1500.0,1050.0,1.0,,
Tukwila Urban Center,98188,2,2.0,234.0,5.0,,60.0,48.0,5036.0,2722.25,940.5,1.0,,
Tukwila Urban Center,98188,3,3.5,234.0,5.0,,60.0,48.0,5040.0,6825.0,1840.0,1.0,,
University District,98105,1,0.5,523.5,,,97.0,78.0,9641.5,800.0,90.0,1.0,800.0,3.0
University District,98105,1,1.0,227.95852534562212,4.700854700854701,2.4526315789473685,96.28571428571429,80.83410138248848,5933.658986175115,1600.3710691823899,474.5921658986175,1.0,815.0,12.0
University District,98105,1,1.5,175.0,5.0,,99.0,80.0,5856.5,2069.0,821.75,1.0,,
University District,98105,1,2.0,336.0,5.0,,99.0,80.0,8457.0,1540.0,301.0,1.0,,
University District,98105,2,1.0,143.54761904761904,5.0,3.6,95.33333333333333,80.23809523809524,3902.2619047619046,2268.676470588235,783.0853658536586,1.0,1577.0,12.0
University District,98105,2,2.0,147.78947368421052,5.0,1.962962962962963,95.8157894736842,82.52631578947368,4558.105263157895,2817.4444444444443,951.828947368421,1.0,,
University District,98105,3,1.5,214.0,4.0,,95.0,82.0,6456.5,2727.4285714285716,830.0,1.0,,
University District,98105,3,3.0,120.0,,1.0,94.0,84.0,4112.5,4225.0,1361.0,,,
University District,98105,4,2.0,161.25,5.0,,99.0,80.0,4880.0,1382.5,973.75,,,
University District,98105,5,3.0,336.0,5.0,,99.0,80.0,8466.0,1307.0,1119.0,,,
Wallingford,98103,1,1.0,190.45977011494253,5.0,2.4390243902439024,79.45977011494253,60.50574712643678,5717.333333333333,2263.7179487179487,654.3965517241379,1.0,,6.0
Wallingford,98103,1,1.5,255.0,,2.0,89.0,60.0,7238.333333333333,,848.6666666666666,,,
Wallingford,98103,2,1.0,247.0,5.0,5.6,80.77777777777777,60.22222222222222,6740.555555555556,2544.3333333333335,838.8333333333334,1.0,,6.0
Wallingford,98103,2,2.0,131.8,5.0,2.0,72.2,60.93333333333333,4435.666666666667,3654.5714285714284,1076.2,,,
Wallingford,98103,3,2.0,314.0,5.0,,76.33333333333333,61.666666666666664,6215.666666666667,4211.666666666667,1393.3333333333333,1.0,,
Wallingford,98105,1,1.0,165.0,4.0,,91.0,79.0,5567.5,1683.0,524.7,,,
Wallingford,98105,2,2.0,271.6666666666667,4.0,,86.0,76.66666666666667,6896.0,2950.0,1132.6666666666667,,2000.0,12.0
Wedgewood,98115,1,1.0,387.0,,4.0,69.0,52.0,6608.0,1147.031746031746,257.23972602739724,1.0,,
Wedgewood,98115,2,1.0,673.0,,,80.0,50.0,10067.0,1750.0,750.0,1.0,1000.0,
Wedgewood,98115,2,2.0,387.0,,4.0,69.0,52.0,6645.0,,827.0,,,
West Seattle,98116,1,1.0,119.0,,,98.0,54.0,4088.5,2025.5,652.6666666666666,1.0,,
West Seattle,98126,1,1.0,258.5,,1.8571428571428572,77.32142857142857,56.82142857142857,7306.178571428572,1435.9444444444443,610.8928571428571,1.0,,
West Seattle,98126,2,1.0,260.0,,1.0,77.0,58.0,7328.0,2068.5,815.125,1.0,,
West Seattle,98126,2,2.0,260.0,,1.0,77.0,58.0,7334.0,,1120.0,,,
West Woodland,98107,1,1.0,277.6923076923077,,2.0,96.53846153846153,56.07692307692308,7354.615384615385,1916.6666666666667,636.3076923076923,1.0,,
West Woodland,98107,2,2.0,292.8,,2.0,95.4,55.9,7439.4,2786.25,994.5,1.0,,
West Woodland,98107,4,2.0,649.0,,,81.0,55.0,9967.0,2750.0,1600.0,1.0,,
West Woodland,98107,5,2.0,605.0,,,91.0,57.0,9862.0,4500.0,2600.0,1.0,,
Westlake,98109,1,1.0,110.91911764705883,5.0,4.644444444444445,75.53676470588235,73.55147058823529,3479.875,2034.1769911504425,652.8088235294117,1.0,1116.6666666666667,12.0
Westlake,98109,2,1.0,63.11764705882353,5.0,5.0,76.76470588235294,76.3529411764706,2455.5882352941176,3234.25,881.5588235294117,,,
Westlake,98109,2,1.5,556.0,,,70.0,69.0,9726.0,3466.6666666666665,1500.0,1.0,1300.0,12.0
Westlake,98109,2,2.0,127.82142857142857,5.0,5.0,74.42857142857143,72.71428571428571,3913.6428571428573,3371.5,1056.142857142857,1.0,1350.0,12.0
Westlake,98109,3,1.5,555.0,,,70.0,69.0,9719.0,3500.0,1800.0,1.0,1000.0,12.0
Westlake,98109,3,2.0,48.0,5.0,,78.0,73.0,2080.0,,1486.0,,,
White Center,98146,1,1.0,338.0,2.0,,62.0,,8476.0,1057.0,612.0,1.0,,
White Center,98146,2,1.0,338.0,2.0,,62.0,,8478.5,1290.0,829.0,,,
Whittier Heights,98117,1,1.0,285.3333333333333,5.0,2.0,88.38888888888889,53.27777777777778,7576.388888888889,1624.1666666666667,536.1666666666666,1.0,1200.0,12.0
Whittier Heights,98117,1,2.0,245.0,,2.0,88.0,55.0,7035.5,1967.5,879.0,,,
Whittier Heights,98117,2,1.0,352.0,5.0,,89.0,50.0,8544.5,1894.5,726.25,,,
Whittier Heights,98117,3,2.0,671.0,,,86.0,50.0,10065.0,3795.0,2720.0,1.0,,
